{"cameraMode":{"drawMode":0,"name":"Shaded","section":"Shading Mode"},"sceneLighting":true,"audioPlay":false,"sceneViewState":{"showFog":false,"showMaterialUpdate":false,"showSkybox":false,"showFlares":false,"showImageEffects":false,"showParticleSystems":false},"in2DMode":false,"pivot":{"x":-16.610519409179689,"y":-26.16274070739746,"z":28.604162216186525},"rotation":{"x":0.3180173933506012,"y":-0.28241392970085146,"z":0.09984658658504486,"w":0.8995269536972046},"size":51.25044250488281,"orthographic":false}