{"cameraMode":{"drawMode":0,"name":"Shaded","section":"Shading Mode"},"sceneLighting":true,"audioPlay":false,"sceneViewState":{"showFog":false,"showMaterialUpdate":false,"showSkybox":false,"showFlares":false,"showImageEffects":false,"showParticleSystems":false},"in2DMode":false,"pivot":{"x":-18.232255935668947,"y":-25.98739242553711,"z":27.647197723388673},"rotation":{"x":0.3180173933506012,"y":-0.28241392970085146,"z":0.09984658658504486,"w":0.8995269536972046},"size":47.026798248291019,"orthographic":false}