{"cameraMode":{"drawMode":0,"name":"Shaded","section":"Shading Mode"},"sceneLighting":false,"audioPlay":false,"sceneViewState":{"showFog":true,"showMaterialUpdate":false,"showSkybox":false,"showFlares":true,"showImageEffects":true,"showParticleSystems":true},"in2DMode":false,"pivot":{"x":5.814008712768555,"y":0.16866272687911988,"z":4.56803035736084},"rotation":{"x":-0.14929403364658357,"y":0.7865521907806397,"z":-0.2090739905834198,"w":-0.5616100430488586},"size":0.8328523635864258,"orthographic":false}