{"cameraMode":{"drawMode":0,"name":"Shaded","section":"Shading Mode"},"sceneLighting":true,"audioPlay":false,"sceneViewState":{"showFog":false,"showMaterialUpdate":false,"showSkybox":false,"showFlares":false,"showImageEffects":false,"showParticleSystems":false},"in2DMode":false,"pivot":{"x":3.2396798133850099,"y":-29.11880874633789,"z":34.365814208984378},"rotation":{"x":0.3627220690250397,"y":-0.024889329448342325,"z":0.009693797677755356,"w":0.9315197467803955},"size":56.405914306640628,"orthographic":false}