{"cameraMode":{"drawMode":0,"name":"Shaded","section":"Shading Mode"},"sceneLighting":true,"audioPlay":false,"sceneViewState":{"showFog":false,"showMaterialUpdate":false,"showSkybox":false,"showFlares":false,"showImageEffects":false,"showParticleSystems":false},"in2DMode":false,"pivot":{"x":-20.521100997924806,"y":-26.583303451538087,"z":30.31224822998047},"rotation":{"x":0.29656726121902468,"y":-0.30745628476142886,"z":0.10148801654577255,"w":0.8984584808349609},"size":51.05769348144531,"orthographic":false}