{"cameraMode":{"drawMode":0,"name":"Shaded","section":"Shading Mode"},"sceneLighting":true,"audioPlay":false,"sceneViewState":{"showFog":true,"showMaterialUpdate":false,"showSkybox":true,"showFlares":true,"showImageEffects":true,"showParticleSystems":true},"in2DMode":false,"pivot":{"x":4.078293800354004,"y":3.0760416984558107,"z":-1.5828657150268555},"rotation":{"x":-0.36518099904060366,"y":0.005845427978783846,"z":-0.002451118314638734,"w":-0.9309870600700378},"size":21.064912796020509,"orthographic":false}