{"cameraMode":{"drawMode":0,"name":"Shaded","section":"Shading Mode"},"sceneLighting":true,"audioPlay":false,"sceneViewState":{"showFog":false,"showMaterialUpdate":false,"showSkybox":false,"showFlares":false,"showImageEffects":false,"showParticleSystems":false},"in2DMode":false,"pivot":{"x":0.09441828727722168,"y":-27.139047622680665,"z":36.01856231689453},"rotation":{"x":0.3627220690250397,"y":-0.024889329448342325,"z":0.009693797677755356,"w":0.9315197467803955},"size":45.763893127441409,"orthographic":false}