{"cameraMode":{"drawMode":0,"name":"Shaded","section":"Shading Mode"},"sceneLighting":true,"audioPlay":false,"sceneViewState":{"showFog":false,"showMaterialUpdate":false,"showSkybox":false,"showFlares":false,"showImageEffects":false,"showParticleSystems":false},"in2DMode":false,"pivot":{"x":2.9976871013641359,"y":-29.777206420898439,"z":33.74852752685547},"rotation":{"x":0.3627220690250397,"y":-0.024889329448342325,"z":0.009693797677755356,"w":0.9315197467803955},"size":49.299713134765628,"orthographic":false}